Resume,Category
Experienced Python developer with expertise in Django and Flask. Skilled in backend development and API design.,Software Developer
"Data Scientist with a strong background in machine learning, data visualization, and statistical analysis.",Data Scientist
"Project Manager with experience in Agile methodologies, team leadership, and software development lifecycle.",Project Manager
"Frontend Developer skilled in React, JavaScript, and UI/UX design. Passionate about creating user-friendly web applications.",Software Developer
"Cybersecurity analyst with expertise in network security, ethical hacking, and penetration testing.",Cybersecurity
"Cloud Engineer proficient in AWS, Azure, and DevOps practices. Experienced in cloud infrastructure management.",Cloud Engineer
"AI Engineer specializing in deep learning, NLP, and computer vision. Strong experience with TensorFlow and PyTorch.",AI Engineer
"Marketing professional with expertise in digital marketing, SEO, and content creation.",Marketing
"Mechanical Engineer skilled in CAD design, thermodynamics, and manufacturing processes.",Mechanical Engineer
"Financial Analyst with strong knowledge of investment strategies, risk management, and financial modeling.",Financial Analyst
